orderId,orderDetailId, orderDate, dueDate,itemId,description,quantity,uom,preAssignedContainerId
"248622",248622.1,"2015-01-27 12:00:00","2015-01-27 12:00:00","CUL-CS-12","Compostable Lids for 10/12/16/20oz cups","66","CS",248622
"249088",249088.8,"2015-01-27 12:00:00","2015-01-27 12:00:00","CUL-CS-12","Compostable Lids for 10/12/16/20oz cups","36","CS",249088
"249087",249087.7,"2015-01-27 12:00:00","2015-01-27 12:00:00","CUL-CS-12","Compostable Lids for 10/12/16/20oz cups","48","CS",249087
"249085",249085.3,"2015-01-27 12:00:00","2015-01-27 12:00:00","CUL-CS-12","Compostable Lids for 10/12/16/20oz cups","3","CS",249085
"249083",249083.11,"2015-01-27 12:00:00","2015-01-27 12:00:00","CUL-CS-12","Compostable Lids for 10/12/16/20oz cups","12","CS",249083
"249135",249135.9,"2015-01-27 12:00:00","2015-01-27 12:00:00","CUL-CS-12","Compostable Lids for 10/12/16/20oz cups","1","CS",249135
"249127",249127.7,"2015-01-27 12:00:00","2015-01-27 12:00:00","CUL-CS-12","Compostable Lids for 10/12/16/20oz cups","3","CS",249127
"249126",249126.11,"2015-01-27 12:00:00","2015-01-27 12:00:00","CUL-CS-12","Compostable Lids for 10/12/16/20oz cups","6","CS",249126
"249123",249123.2,"2015-01-27 12:00:00","2015-01-27 12:00:00","CUL-CS-12","Compostable Lids for 10/12/16/20oz cups","40","CS",249123
"249150",249150.11.01,"2015-01-27 12:00:00","2015-01-27 12:00:00","CUL-CS-12","Compostable Lids for 10/12/16/20oz cups","1","CS",249150
"249150",249150.11,"2015-01-27 12:00:00","2015-01-27 12:00:00","CUL-CS-12","Compostable Lids for 10/12/16/20oz cups","8","CS",249150
"248422",248422.5,"2015-01-27 12:00:00","2015-01-27 12:00:00","CUL-CS-12","Compostable Lids for 10/12/16/20oz cups","1","CS",248422
"248181",248181.102,"2015-01-27 12:00:00","2015-01-27 12:00:00","TO-SC-U15B-P","15oz Hamburger Clamshell Unble 10/pack","1","PK",248181
"249159",249159.1,"2015-01-27 12:00:00","2015-01-27 12:00:00","CP-CS-3","3 oz. Tasting cups","1","CS",249159
"248865",248865.2,"2015-01-27 12:00:00","2015-01-27 12:00:00","KL-CS-6","6x6x3 PLA Clamshell","10","CS",248865
"249083",249083.13.01,"2015-01-27 12:00:00","2015-01-27 12:00:00","KL-CS-6","6x6x3 PLA Clamshell","6","CS",249083
"249083",249083.13,"2015-01-27 12:00:00","2015-01-27 12:00:00","KL-CS-6","6x6x3 PLA Clamshell","2","CS",249083
"249150",249150.12,"2015-01-27 12:00:00","2015-01-27 12:00:00","KL-CS-6","6x6x3 PLA Clamshell","1","CS",249150
"248181",248181.9,"2015-01-27 12:00:00","2015-01-27 12:00:00","BO-SC-U6-P","6oz Unbleached Bowl - Pack","1","PK",248181
"249078",249078.4,"2015-01-27 12:00:00","2015-01-27 12:00:00","BO-SC-U6-P","6oz Unbleached Bowl - Pack","1","PK",249078
"249164",249164.4,"2015-01-27 12:00:00","2015-01-27 12:00:00","BO-SC-U6-P","6oz Unbleached Bowl - Pack","13","PK",249164
"248181",248181.24,"2015-01-27 12:00:00","2015-01-27 12:00:00","CP-CS-3-P","3 oz. Tasting Cups 20/packs","1","PK",248181
"248181",248181.45,"2015-01-27 12:00:00","2015-01-27 12:00:00","CU-PA-12-K-P","12 oz Hot Paper cup - green stripe","1","PK",248181
"249156",249156.7,"2015-01-27 12:00:00","2015-01-27 12:00:00","KL-CS-7","6.75x6.75x3 Hinged Clamshell - Corn","4","CS",249156
"248181",248181.111,"2015-01-27 12:00:00","2015-01-27 12:00:00","TR-SC-UAR-P","Unbleached 6.5x5 bagasse trays - in pack","1","PK",248181
"248181",248181.114,"2015-01-27 12:00:00","2015-01-27 12:00:00","TR-SC-UT-P","3 Compt Tray Unbleached sugar cane 4/pck","1","PK",248181
"248181",248181.18,"2015-01-27 12:00:00","2015-01-27 12:00:00","CP-CS-14-P","14 oz Clear Cup Corn Compostable","1","PK",248181
"248181",248181.112,"2015-01-27 12:00:00","2015-01-27 12:00:00","TR-SC-UF-P","5Compt Unbleaced WSF Tray - 100 pieces","1","PK",248181
"249104",249104.2,"2015-01-27 12:00:00","2015-01-27 12:00:00","TR-SC-UF-P","5Compt Unbleaced WSF Tray - 100 pieces","2","PK",249104
"249091",249091.3,"2015-01-27 12:00:00","2015-01-27 12:00:00","TR-SC-UF-P","5Compt Unbleaced WSF Tray - 100 pieces","1","PK",249091
"249152",249152.2,"2015-01-27 12:00:00","2015-01-27 12:00:00","BO-SC-U6","6 oz Unbleached Bowl","1","CS",249152
"249124",249124.2,"2015-01-27 12:00:00","2015-01-27 12:00:00","CP-CS-7","7 oz Clear Cup","1","CS",249124
"248868",248868.9,"2015-01-27 12:00:00","2015-01-27 12:00:00","CP-CS-16","16 oz Clear Cup","12","CS",248868
"249105",249105.1,"2015-01-27 12:00:00","2015-01-27 12:00:00","CP-CS-16","16 oz Clear Cup","2","CS",249105
"249087",249087.3.01,"2015-01-27 12:00:00","2015-01-27 12:00:00","CP-CS-16","16 oz Clear Cup","19","CS",249087
"249087",249087.3,"2015-01-27 12:00:00","2015-01-27 12:00:00","CP-CS-16","16 oz Clear Cup","5","CS",249087
"249083",249083.5,"2015-01-27 12:00:00","2015-01-27 12:00:00","CP-CS-16","16 oz Clear Cup","3","CS",249083
"249135",249135.3,"2015-01-27 12:00:00","2015-01-27 12:00:00","CP-CS-16","16 oz Clear Cup","1","CS",249135
"249126",249126.2,"2015-01-27 12:00:00","2015-01-27 12:00:00","CP-CS-16","16 oz Clear Cup","1","CS",249126
"249150",249150.4,"2015-01-27 12:00:00","2015-01-27 12:00:00","CP-CS-16","16 oz Clear Cup","10","CS",249150
"249115",249115.1,"2015-01-27 12:00:00","2015-01-27 12:00:00","CP-CS-16","16 oz Clear Cup","1","CS",249115
"249156",249156.3,"2015-01-27 12:00:00","2015-01-27 12:00:00","CP-CS-16","16 oz Clear Cup","10","CS",249156
"249126",249126.3,"2015-01-27 12:00:00","2015-01-27 12:00:00","CP-CS-24","24 oz Clear Cup","1","CS",249126
"248868",248868.12.01,"2015-01-27 12:00:00","2015-01-27 12:00:00","CPL-CS-12","Clear Flat Lid 10/12/16/20/24oz Cup","11","CS",248868
"248868",248868.12,"2015-01-27 12:00:00","2015-01-27 12:00:00","CPL-CS-12","Clear Flat Lid 10/12/16/20/24oz Cup","5","CS",248868
"249105",249105.2,"2015-01-27 12:00:00","2015-01-27 12:00:00","CPL-CS-12","Clear Flat Lid 10/12/16/20/24oz Cup","3","CS",249105
"249083",249083.6,"2015-01-27 12:00:00","2015-01-27 12:00:00","CPL-CS-12","Clear Flat Lid 10/12/16/20/24oz Cup","5","CS",249083
"249135",249135.6,"2015-01-27 12:00:00","2015-01-27 12:00:00","CPL-CS-12","Clear Flat Lid 10/12/16/20/24oz Cup","1","CS",249135
"249150",249150.6,"2015-01-27 12:00:00","2015-01-27 12:00:00","CPL-CS-12","Clear Flat Lid 10/12/16/20/24oz Cup","10","CS",249150
"249149",249149.1,"2015-01-27 12:00:00","2015-01-27 12:00:00","CPL-CS-12","Clear Flat Lid 10/12/16/20/24oz Cup","1","CS",249149
"249156",249156.4,"2015-01-27 12:00:00","2015-01-27 12:00:00","CPL-CS-12","Clear Flat Lid 10/12/16/20/24oz Cup","10","CS",249156
"248995",248995.4,"2015-01-27 12:00:00","2015-01-27 12:00:00","DC-CS-12","12 oz Clear Round Deli Container","1","CS",248995
"248865",248865.4,"2015-01-27 12:00:00","2015-01-27 12:00:00","SP-PS-6","Spoon 6in.","12","CS",248865
"248871",248871.15,"2015-01-27 12:00:00","2015-01-27 12:00:00","SP-PS-6","Spoon 6in.","42","CS",248871
"249086",249086.2,"2015-01-27 12:00:00","2015-01-27 12:00:00","SP-PS-6","Spoon 6in.","15","CS",249086
"249085",249085.8,"2015-01-27 12:00:00","2015-01-27 12:00:00","SP-PS-6","Spoon 6in.","6","CS",249085
"249083",249083.16,"2015-01-27 12:00:00","2015-01-27 12:00:00","SP-PS-6","Spoon 6in.","5","CS",249083
"249135",249135.15,"2015-01-27 12:00:00","2015-01-27 12:00:00","SP-PS-6","Spoon 6in.","4","CS",249135
"249127",249127.12,"2015-01-27 12:00:00","2015-01-27 12:00:00","SP-PS-6","Spoon 6in.","2","CS",249127
"249147",249147.8,"2015-01-27 12:00:00","2015-01-27 12:00:00","SP-PS-6","Spoon 6in.","5","CS",249147
"249146",249146.3,"2015-01-27 12:00:00","2015-01-27 12:00:00","SP-PS-6","Spoon 6in.","36","CS",249146
"249112",249112.5,"2015-01-27 12:00:00","2015-01-27 12:00:00","SP-PS-6","Spoon 6in.","8","CS",249112
"248780",248780.3,"2015-01-27 12:00:00","2015-01-27 12:00:00","SP-PS-6","Spoon 6in.","1","CS",248780
"249164",249164.13,"2015-01-27 12:00:00","2015-01-27 12:00:00","SP-PS-6","Spoon 6in.","1","CS",249164
"248422",248422.6,"2015-01-27 12:00:00","2015-01-27 12:00:00","SP-PS-6","Spoon 6in.","21","CS",248422
"249163",249163.9,"2015-01-27 12:00:00","2015-01-27 12:00:00","SP-PS-6","Spoon 6in.","30","CS",249163
"249162",249162.2,"2015-01-27 12:00:00","2015-01-27 12:00:00","SP-PS-6","Spoon 6in.","2","CS",249162
"248802",248802.9,"2015-01-27 12:00:00","2015-01-27 12:00:00","SP-PS-6","Spoon 6in.","5","CS",248802
"248871",248871.11,"2015-01-27 12:00:00","2015-01-27 12:00:00","KN-PS-6","Knife 6in.","36","CS",248871
"248868",248868.21,"2015-01-27 12:00:00","2015-01-27 12:00:00","KN-PS-6","Knife 6in.","12","CS",248868
"249112",249112.3,"2015-01-27 12:00:00","2015-01-27 12:00:00","KN-PS-6","Knife 6in.","4","CS",249112
"249085",249085.6,"2015-01-27 12:00:00","2015-01-27 12:00:00","KN-PS-6","Knife 6in.","2","CS",249085
"249083",249083.14.01,"2015-01-27 12:00:00","2015-01-27 12:00:00","KN-PS-6","Knife 6in.","10","CS",249083
"249083",249083.14,"2015-01-27 12:00:00","2015-01-27 12:00:00","KN-PS-6","Knife 6in.","6","CS",249083
"249127",249127.9,"2015-01-27 12:00:00","2015-01-27 12:00:00","KN-PS-6","Knife 6in.","2","CS",249127
"249147",249147.5,"2015-01-27 12:00:00","2015-01-27 12:00:00","KN-PS-6","Knife 6in.","1","CS",249147
"249146",249146.2,"2015-01-27 12:00:00","2015-01-27 12:00:00","KN-PS-6","Knife 6in.","24","CS",249146
"249119",249119.1,"2015-01-27 12:00:00","2015-01-27 12:00:00","KN-PS-6","Knife 6in.","10","CS",249119
"248780",248780.2,"2015-01-27 12:00:00","2015-01-27 12:00:00","KN-PS-6","Knife 6in.","1","CS",248780
"249164",249164.9,"2015-01-27 12:00:00","2015-01-27 12:00:00","KN-PS-6","Knife 6in.","1","CS",249164
"249163",249163.5,"2015-01-27 12:00:00","2015-01-27 12:00:00","KN-PS-6","Knife 6in.","15","CS",249163
"248871",248871.10,"2015-01-27 12:00:00","2015-01-27 12:00:00","FO-PS-6","Fork 6in.","64","CS",248871
"248868",248868.20.01,"2015-01-27 12:00:00","2015-01-27 12:00:00","FO-PS-6","Fork 6in.","39","CS",248868
"248868",248868.20,"2015-01-27 12:00:00","2015-01-27 12:00:00","FO-PS-6","Fork 6in.","5","CS",248868
"249086",249086.1,"2015-01-27 12:00:00","2015-01-27 12:00:00","FO-PS-6","Fork 6in.","8","CS",249086
"249135",249135.10,"2015-01-27 12:00:00","2015-01-27 12:00:00","FO-PS-6","Fork 6in.","4","CS",249135
"249128",249128.1,"2015-01-27 12:00:00","2015-01-27 12:00:00","FO-PS-6","Fork 6in.","2","CS",249128
"249127",249127.8,"2015-01-27 12:00:00","2015-01-27 12:00:00","FO-PS-6","Fork 6in.","2","CS",249127
"249124",249124.4,"2015-01-27 12:00:00","2015-01-27 12:00:00","FO-PS-6","Fork 6in.","1","CS",249124
"249147",249147.4,"2015-01-27 12:00:00","2015-01-27 12:00:00","FO-PS-6","Fork 6in.","3","CS",249147
"249146",249146.1,"2015-01-27 12:00:00","2015-01-27 12:00:00","FO-PS-6","Fork 6in.","48","CS",249146
"248780",248780.1,"2015-01-27 12:00:00","2015-01-27 12:00:00","FO-PS-6","Fork 6in.","1","CS",248780
"249167",249167.1,"2015-01-27 12:00:00","2015-01-27 12:00:00","FO-PS-6","Fork 6in.","1","CS",249167
"249163",249163.3,"2015-01-27 12:00:00","2015-01-27 12:00:00","FO-PS-6","Fork 6in.","30","CS",249163
"249162",249162.1,"2015-01-27 12:00:00","2015-01-27 12:00:00","FO-PS-6","Fork 6in.","4","CS",249162
"249083",249083.17,"2015-01-27 12:00:00","2015-01-27 12:00:00","SP-PS-I","Spoon 6in. - Individual","2","CS",249083
"249093",249093.1,"2015-01-27 12:00:00","2015-01-27 12:00:00","SP-CS-3","Taster Spoon 3in.","15","CS",249093
"249126",249126.4,"2015-01-27 12:00:00","2015-01-27 12:00:00","CP-CS-5","5 oz Clear Cup","1","CS",249126
"248995",248995.6,"2015-01-27 12:00:00","2015-01-27 12:00:00","DCL-CS-24","Clear Flat Lid 24z Deli Container","2","CS",248995
"249156",249156.10,"2015-01-27 12:00:00","2015-01-27 12:00:00","ST-CS-8W","7.9in. indiv. wrapped .25in. dia.","1","CS",249156
"249126",249126.6,"2015-01-27 12:00:00","2015-01-27 12:00:00","CU-PA-10","10 oz Hot Paper Cups FSC Mix Paper","2","CS",249126
"248871",248871.7.02,"2015-01-27 12:00:00","2015-01-27 12:00:00","CU-PA-16","16oz Comp cups-FSC Mix Paper","9","CS",248871
"248871",248871.7.01,"2015-01-27 12:00:00","2015-01-27 12:00:00","CU-PA-16","16oz Comp cups-FSC Mix Paper","2","CS",248871
"248871",248871.7,"2015-01-27 12:00:00","2015-01-27 12:00:00","CU-PA-16","16oz Comp cups-FSC Mix Paper","19","CS",248871
"248868",248868.19,"2015-01-27 12:00:00","2015-01-27 12:00:00","CU-PA-16","16oz Comp cups-FSC Mix Paper","6","CS",248868
"249088",249088.6.01,"2015-01-27 12:00:00","2015-01-27 12:00:00","CU-PA-16","16oz Comp cups-FSC Mix Paper","26","CS",249088
"249088",249088.6,"2015-01-27 12:00:00","2015-01-27 12:00:00","CU-PA-16","16oz Comp cups-FSC Mix Paper","2","CS",249088
"249085",249085.2,"2015-01-27 12:00:00","2015-01-27 12:00:00","CU-PA-16","16oz Comp cups-FSC Mix Paper","2","CS",249085
"249083",249083.8,"2015-01-27 12:00:00","2015-01-27 12:00:00","CU-PA-16","16oz Comp cups-FSC Mix Paper","3","CS",249083
"249142",249142.2,"2015-01-27 12:00:00","2015-01-27 12:00:00","CU-PA-16","16oz Comp cups-FSC Mix Paper","1","CS",249142
"249126",249126.8,"2015-01-27 12:00:00","2015-01-27 12:00:00","CU-PA-16","16oz Comp cups-FSC Mix Paper","2","CS",249126
"249147",249147.2,"2015-01-27 12:00:00","2015-01-27 12:00:00","CU-PA-16","16oz Comp cups-FSC Mix Paper","6","CS",249147
"248422",248422.2,"2015-01-27 12:00:00","2015-01-27 12:00:00","CU-PA-16","16oz Comp cups-FSC Mix Paper","1","CS",248422
"248802",248802.2,"2015-01-27 12:00:00","2015-01-27 12:00:00","CU-PA-16","16oz Comp cups-FSC Mix Paper","6","CS",248802
"249141",249141.1,"2015-01-27 12:00:00","2015-01-27 12:00:00","CP-CS-1S","1 oz Souffle Cup","3","CS",249141
"248871",248871.5,"2015-01-27 12:00:00","2015-01-27 12:00:00","CPL-CS-2S","Clear Flat Lid for 2 oz cups","2","CS",248871
"249135",249135.7,"2015-01-27 12:00:00","2015-01-27 12:00:00","CPL-CS-2S","Clear Flat Lid for 2 oz cups","1","CS",249135
"249127",249127.2,"2015-01-27 12:00:00","2015-01-27 12:00:00","BBL-SC-U12","Lid 12 oz Barrel Bowl Unbleached","1","CS",249127
"248868",248868.22,"2015-01-27 12:00:00","2015-01-27 12:00:00","KN-PS-I","Knife 6in. - Individual","16","CS",248868
"249106",249106.1,"2015-01-27 12:00:00","2015-01-27 12:00:00","CP-CS-6","6 oz Clear Cup","6","CS",249106
"249095",249095.1,"2015-01-27 12:00:00","2015-01-27 12:00:00","CP-CS-6","6 oz Clear Cup","1","CS",249095
"248868",248868.11,"2015-01-27 12:00:00","2015-01-27 12:00:00","CP-CS-9","9 oz Clear Cup","5","CS",248868
"248868",248868.8,"2015-01-27 12:00:00","2015-01-27 12:00:00","CP-CS-12","12 oz Clear Cup","12","CS",248868
"249126",249126.1,"2015-01-27 12:00:00","2015-01-27 12:00:00","CP-CS-12","12 oz Clear Cup","2","CS",249126
"249150",249150.3.01,"2015-01-27 12:00:00","2015-01-27 12:00:00","CP-CS-12","12 oz Clear Cup","2","CS",249150
"249150",249150.3,"2015-01-27 12:00:00","2015-01-27 12:00:00","CP-CS-12","12 oz Clear Cup","2","CS",249150
"248871",248871.2.01,"2015-01-27 12:00:00","2015-01-27 12:00:00","CP-CS-20","20 oz Clear Cup","15","CS",248871
"248871",248871.2,"2015-01-27 12:00:00","2015-01-27 12:00:00","CP-CS-20","20 oz Clear Cup","3","CS",248871
"248868",248868.10,"2015-01-27 12:00:00","2015-01-27 12:00:00","CP-CS-20","20 oz Clear Cup","12","CS",248868
"249135",249135.4,"2015-01-27 12:00:00","2015-01-27 12:00:00","CP-CS-20","20 oz Clear Cup","1","CS",249135
"249150",249150.5,"2015-01-27 12:00:00","2015-01-27 12:00:00","CP-CS-20","20 oz Clear Cup","2","CS",249150
"248868",248868.15,"2015-01-27 12:00:00","2015-01-27 12:00:00","CPL-CS-9","Clear Flat Lid for 5/6/7/9 oz Cup","1","CS",248868
"249087",249087.4.01,"2015-01-27 12:00:00","2015-01-27 12:00:00","CPL-CS-9","Clear Flat Lid for 5/6/7/9 oz Cup","21","CS",249087
"249087",249087.4,"2015-01-27 12:00:00","2015-01-27 12:00:00","CPL-CS-9","Clear Flat Lid for 5/6/7/9 oz Cup","3","CS",249087
"249126",249126.5,"2015-01-27 12:00:00","2015-01-27 12:00:00","CPL-CS-12D","Clear Dome Lid 10/12/16/20/24oz Cup","1","CS",249126
"249150",249150.7,"2015-01-27 12:00:00","2015-01-27 12:00:00","CPL-CS-12D","Clear Dome Lid 10/12/16/20/24oz Cup","4","CS",249150
"248871",248871.3,"2015-01-27 12:00:00","2015-01-27 12:00:00","CP-CS-2S","2 oz Souffle Cup","2","CS",248871
"249135",249135.5,"2015-01-27 12:00:00","2015-01-27 12:00:00","CP-CS-2S","2 oz Souffle Cup","2","CS",249135
"249145",249145.1,"2015-01-27 12:00:00","2015-01-27 12:00:00","CP-CS-2S","2 oz Souffle Cup","1","CS",249145
"248802",248802.1,"2015-01-27 12:00:00","2015-01-27 12:00:00","CP-CS-2S","2 oz Souffle Cup","5","CS",248802
"248871",248871.4,"2015-01-27 12:00:00","2015-01-27 12:00:00","CP-CS-4S","4 oz Souffle Cup - 1000/case","16","CS",248871
"249164",249164.5,"2015-01-27 12:00:00","2015-01-27 12:00:00","CP-CS-4S","4 oz Souffle Cup - 1000/case","1","CS",249164
"249127",249127.1.01,"2015-01-27 12:00:00","2015-01-27 12:00:00","BB-SC-U12","12 oz Barrel Bowl Unbleached","2","CS",249127
"249127",249127.1,"2015-01-27 12:00:00","2015-01-27 12:00:00","BB-SC-U12","12 oz Barrel Bowl Unbleached","1","CS",249127
"249152",249152.1,"2015-01-27 12:00:00","2015-01-27 12:00:00","BB-SC-U12","12 oz Barrel Bowl Unbleached","2","CS",249152
"249147",249147.7,"2015-01-27 12:00:00","2015-01-27 12:00:00","PL-SC-U10T","10in. 3 Compt. Unbleach Plate","1","CS",249147
"249151",249151.2,"2015-01-27 12:00:00","2015-01-27 12:00:00","PL-SC-U9O","9in. Oval Unbleached Plate","3","CS",249151
"249105",249105.5,"2015-01-27 12:00:00","2015-01-27 12:00:00","ST-CS-8","7.7in. unwrapped/ .25in. dia.","1","CS",249105
"249126",249126.12,"2015-01-27 12:00:00","2015-01-27 12:00:00","ST-CS-8","7.7in. unwrapped/ .25in. dia.","1","CS",249126
"249125",249125.1,"2015-01-27 12:00:00","2015-01-27 12:00:00","ST-CS-8","7.7in. unwrapped/ .25in. dia.","1","CS",249125
"248995",248995.3,"2015-01-27 12:00:00","2015-01-27 12:00:00","CU-PA-12","12 oz Compt Cups FSC Mix Paper","8","CS",248995
"248871",248871.6,"2015-01-27 12:00:00","2015-01-27 12:00:00","CU-PA-12","12 oz Compt Cups FSC Mix Paper","96","CS",248871
"248868",248868.18.01,"2015-01-27 12:00:00","2015-01-27 12:00:00","CU-PA-12","12 oz Compt Cups FSC Mix Paper","5","CS",248868
"248868",248868.18,"2015-01-27 12:00:00","2015-01-27 12:00:00","CU-PA-12","12 oz Compt Cups FSC Mix Paper","1","CS",248868
"249088",249088.5,"2015-01-27 12:00:00","2015-01-27 12:00:00","CU-PA-12","12 oz Compt Cups FSC Mix Paper","23","CS",249088
"249087",249087.5,"2015-01-27 12:00:00","2015-01-27 12:00:00","CU-PA-12","12 oz Compt Cups FSC Mix Paper","72","CS",249087
"249083",249083.7,"2015-01-27 12:00:00","2015-01-27 12:00:00","CU-PA-12","12 oz Compt Cups FSC Mix Paper","10","CS",249083
"249127",249127.5,"2015-01-27 12:00:00","2015-01-27 12:00:00","CU-PA-12","12 oz Compt Cups FSC Mix Paper","12","CS",249127
"249126",249126.7,"2015-01-27 12:00:00","2015-01-27 12:00:00","CU-PA-12","12 oz Compt Cups FSC Mix Paper","3","CS",249126
"249150",249150.8,"2015-01-27 12:00:00","2015-01-27 12:00:00","CU-PA-12","12 oz Compt Cups FSC Mix Paper","2","CS",249150
"248422",248422.1,"2015-01-27 12:00:00","2015-01-27 12:00:00","CU-PA-12","12 oz Compt Cups FSC Mix Paper","1","CS",248422
"249163",249163.2,"2015-01-27 12:00:00","2015-01-27 12:00:00","CU-PA-12","12 oz Compt Cups FSC Mix Paper","6","CS",249163
"248422",248422.4,"2015-01-27 12:00:00","2015-01-27 12:00:00","CU-SC-U2","2 oz Unbleached Bagasse Cups","10","CS",248422
"248181",248181.55,"2015-01-27 12:00:00","2015-01-27 12:00:00","CU-PA-4-P","4 OZ. HOT PAPER/PLA CUP - IN PACK","1","PK",248181
"248181",248181.56,"2015-01-27 12:00:00","2015-01-27 12:00:00","CU-PA-6-P","6 OZ HOT PAPER / PLA CUP - IN PACK","1","PK",248181
"249160",249160.1,"2015-01-27 12:00:00","2015-01-27 12:00:00","CU-PA-6-P","6 OZ HOT PAPER / PLA CUP - IN PACK","6","PK",249160
"248181",248181.21,"2015-01-27 12:00:00","2015-01-27 12:00:00","CP-CS-20-P","20 oz Clear Cup  50/pack","1","PK",248181
"249166",249166.4,"2015-01-27 12:00:00","2015-01-27 12:00:00","CP-CS-20-P","20 oz Clear Cup  50/pack","1","PK",249166
"248181",248181.23,"2015-01-27 12:00:00","2015-01-27 12:00:00","CP-CS-2S-P","2 oz Souffle Cup- Pack of 100","1","PK",248181
"248181",248181.26,"2015-01-27 12:00:00","2015-01-27 12:00:00","CP-CS-4S-P","4 oz Souffle Cup  50/pack","1","PK",248181
"249143",249143.1,"2015-01-27 12:00:00","2015-01-27 12:00:00","CP-CS-4S-P","4 oz Souffle Cup  50/pack","5","PK",249143
"248181",248181.28,"2015-01-27 12:00:00","2015-01-27 12:00:00","CP-CS-6-P","6 oz Clear Cup  50/pack","1","PK",248181
"249108",249108.1,"2015-01-27 12:00:00","2015-01-27 12:00:00","CP-CS-6-P","6 oz Clear Cup  50/pack","1","PK",249108
"248181",248181.30,"2015-01-27 12:00:00","2015-01-27 12:00:00","CP-CS-9-P","9 oz Clear Cup  50/pack","1","PK",248181
"248181",248181.37,"2015-01-27 12:00:00","2015-01-27 12:00:00","CPL-CS-9-P","Clear Flat Lid for 5/6/7/9 oz Cup 50/pk","1","PK",248181
"248181",248181.36,"2015-01-27 12:00:00","2015-01-27 12:00:00","CPL-CS-9-P","Clear Flat Lid for 5/6/7/9 oz Cup 50/pk","1","PK",248181
"249143",249143.2,"2015-01-27 12:00:00","2015-01-27 12:00:00","CPL-CS-9-P","Clear Flat Lid for 5/6/7/9 oz Cup 50/pk","5","PK",249143
"249164",249164.6,"2015-01-27 12:00:00","2015-01-27 12:00:00","CPL-CS-9-P","Clear Flat Lid for 5/6/7/9 oz Cup 50/pk","20","PK",249164
"248181",248181.44,"2015-01-27 12:00:00","2015-01-27 12:00:00","CU-PA-10-P","10 oz Hot Cup  50/pack","1","PK",248181
"249118",249118.1,"2015-01-27 12:00:00","2015-01-27 12:00:00","CU-PA-10-P","10 oz Hot Cup  50/pack","1","PK",249118
"248181",248181.50,"2015-01-27 12:00:00","2015-01-27 12:00:00","CU-PA-16-P","16 oz Hot Cup  50/pack","1","PK",248181
"249108",249108.2,"2015-01-27 12:00:00","2015-01-27 12:00:00","CU-PA-16-P","16 oz Hot Cup  50/pack","2","PK",249108
"248181",248181.66,"2015-01-27 12:00:00","2015-01-27 12:00:00","DC-CS-12-P","12 oz Clear Round Deli Container  50/pk","1","PK",248181
"249166",249166.6,"2015-01-27 12:00:00","2015-01-27 12:00:00","DC-CS-12-P","12 oz Clear Round Deli Container  50/pk","1","PK",249166
"248987",248987.1.01,"2015-01-27 12:00:00","2015-01-27 12:00:00","PL-SC-U10","10in. Unbleached Plate","88","CS",248987
"248987",248987.1,"2015-01-27 12:00:00","2015-01-27 12:00:00","PL-SC-U10","10in. Unbleached Plate","20","CS",248987
"248871",248871.12.01,"2015-01-27 12:00:00","2015-01-27 12:00:00","PL-SC-U10","10in. Unbleached Plate","35","CS",248871
"248871",248871.12,"2015-01-27 12:00:00","2015-01-27 12:00:00","PL-SC-U10","10in. Unbleached Plate","1","CS",248871
"249110",249110.1,"2015-01-27 12:00:00","2015-01-27 12:00:00","PL-SC-U10","10in. Unbleached Plate","1","CS",249110
"249102",249102.3,"2015-01-27 12:00:00","2015-01-27 12:00:00","PL-SC-U10","10in. Unbleached Plate","1","CS",249102
"249088",249088.9,"2015-01-27 12:00:00","2015-01-27 12:00:00","PL-SC-U10","10in. Unbleached Plate","9","CS",249088
"249129",249129.2,"2015-01-27 12:00:00","2015-01-27 12:00:00","PL-SC-U10","10in. Unbleached Plate","1","CS",249129
"249147",249147.6,"2015-01-27 12:00:00","2015-01-27 12:00:00","PL-SC-U10","10in. Unbleached Plate","2","CS",249147
"249164",249164.11,"2015-01-27 12:00:00","2015-01-27 12:00:00","PL-SC-U10","10in. Unbleached Plate","1","CS",249164
"248802",248802.5,"2015-01-27 12:00:00","2015-01-27 12:00:00","PL-SC-U10","10in. Unbleached Plate","4","CS",248802
"248181",248181.17,"2015-01-27 12:00:00","2015-01-27 12:00:00","CP-CS-12-P","12 oz Clear Cup  50/pack","1","PK",248181
"248871",248871.1.01,"2015-01-27 12:00:00","2015-01-27 12:00:00","BO-SC-U11","11.5 OZ UNBLEACHED BOWLS","17","CS",248871
"248871",248871.1,"2015-01-27 12:00:00","2015-01-27 12:00:00","BO-SC-U11","11.5 OZ UNBLEACHED BOWLS","19","CS",248871
"248685",248685.1.01,"2015-01-27 12:00:00","2015-01-27 12:00:00","BO-SC-U11","11.5 OZ UNBLEACHED BOWLS","7","CS",248685
"248685",248685.1,"2015-01-27 12:00:00","2015-01-27 12:00:00","BO-SC-U11","11.5 OZ UNBLEACHED BOWLS","5","CS",248685
"249092",249092.1,"2015-01-27 12:00:00","2015-01-27 12:00:00","BO-SC-U11","11.5 OZ UNBLEACHED BOWLS","1","CS",249092
"248865",248865.6.01,"2015-01-27 12:00:00","2015-01-27 12:00:00","TO-SC-U9T","9 Three Compartment Unbleached Clamshel","10","CS",248865
"248865",248865.6,"2015-01-27 12:00:00","2015-01-27 12:00:00","TO-SC-U9T","9 Three Compartment Unbleached Clamshel","8","CS",248865
"248901",248901.3,"2015-01-27 12:00:00","2015-01-27 12:00:00","TO-SC-U9T","9 Three Compartment Unbleached Clamshel","28","CS",248901
"249083",249083.19,"2015-01-27 12:00:00","2015-01-27 12:00:00","TO-SC-U9T","9 Three Compartment Unbleached Clamshel","5","CS",249083
"249148",249148.2.01,"2015-01-27 12:00:00","2015-01-27 12:00:00","TO-SC-U9T","9 Three Compartment Unbleached Clamshel","12","CS",249148
"249148",249148.2,"2015-01-27 12:00:00","2015-01-27 12:00:00","TO-SC-U9T","9 Three Compartment Unbleached Clamshel","6","CS",249148
"248865",248865.5,"2015-01-27 12:00:00","2015-01-27 12:00:00","TO-SC-U9","9 Unbleached Clamshells","10","CS",248865
"249110",249110.3,"2015-01-27 12:00:00","2015-01-27 12:00:00","TO-SC-U9","9 Unbleached Clamshells","1","CS",249110
"249119",249119.2.01,"2015-01-27 12:00:00","2015-01-27 12:00:00","TO-SC-U9","9 Unbleached Clamshells","28","CS",249119
"249119",249119.2,"2015-01-27 12:00:00","2015-01-27 12:00:00","TO-SC-U9","9 Unbleached Clamshells","14","CS",249119
"249164",249164.15,"2015-01-27 12:00:00","2015-01-27 12:00:00","TO-SC-U9","9 Unbleached Clamshells","2","CS",249164
"249164",249164.15.01,"2015-01-27 12:00:00","2015-01-27 12:00:00","TO-SC-U9","9 Unbleached Clamshells","1","CS",249164
"249166",249166.9,"2015-01-27 12:00:00","2015-01-27 12:00:00","DCL-CS-12-P","Clear Flat Lid 12/16oz Deli Container 50","1","PK",249166
"249165",249165.3,"2015-01-27 12:00:00","2015-01-27 12:00:00","DCL-CS-12-P","Clear Flat Lid 12/16oz Deli Container 50","8","PK",249165
"249164",249164.8,"2015-01-27 12:00:00","2015-01-27 12:00:00","DCL-CS-12-P","Clear Flat Lid 12/16oz Deli Container 50","11","PK",249164
"249164",249164.16,"2015-01-27 12:00:00","2015-01-27 12:00:00","TO-SC-U9-P","9 Unbleached Clamshells - Pack","4","PK",249164
"248924",248924.1,"2015-01-27 12:00:00","2015-01-27 12:00:00","AS-PS-R","Assrtd Cutlery Retail Cornstarch12x24","18","CS",248924
"248181",248181.2,"2015-01-27 12:00:00","2015-01-27 12:00:00","BB-SC-U12-P","12 oz Unbleached Bowl  50/pack","1","PK",248181
"249078",249078.1,"2015-01-27 12:00:00","2015-01-27 12:00:00","BB-SC-U12-P","12 oz Unbleached Bowl  50/pack","2","PK",249078
"249164",249164.2,"2015-01-27 12:00:00","2015-01-27 12:00:00","BB-SC-U12-P","12 oz Unbleached Bowl  50/pack","4","PK",249164
"248181",248181.16,"2015-01-27 12:00:00","2015-01-27 12:00:00","CP-CS-10-P","10 oz Clear Cup  50/pack","1","PK",248181
"249136",249136.1,"2015-01-27 12:00:00","2015-01-27 12:00:00","CP-CS-10-P","10 oz Clear Cup  50/pack","1","PK",249136
"248181",248181.19,"2015-01-27 12:00:00","2015-01-27 12:00:00","CP-CS-16-P","16 oz Clear Cup  50/pack","1","PK",248181
"249090",249090.1,"2015-01-27 12:00:00","2015-01-27 12:00:00","CP-CS-16-P","16 oz Clear Cup  50/pack","12","PK",249090
"249166",249166.3,"2015-01-27 12:00:00","2015-01-27 12:00:00","CP-CS-16-P","16 oz Clear Cup  50/pack","1","PK",249166
"248181",248181.8,"2015-01-27 12:00:00","2015-01-27 12:00:00","BO-SC-U11-P","11.5OZ UNBLEACHED BOWLS - PACKS","1","PK",248181
"248181",248181.76,"2015-01-27 12:00:00","2015-01-27 12:00:00","PL-SC-U10T-P","10in. 3 Compt. Unbleach Plate  50/pack","1","PK",248181
"249112",249112.4,"2015-01-27 12:00:00","2015-01-27 12:00:00","SL-PA-LG","100% Post Consumer Recycled Cup Sleeves","12","CS",249112
"249083",249083.15.01,"2015-01-27 12:00:00","2015-01-27 12:00:00","SL-PA-LG","100% Post Consumer Recycled Cup Sleeves","13","CS",249083
"249083",249083.15,"2015-01-27 12:00:00","2015-01-27 12:00:00","SL-PA-LG","100% Post Consumer Recycled Cup Sleeves","2","CS",249083
"249127",249127.11,"2015-01-27 12:00:00","2015-01-27 12:00:00","SL-PA-LG","100% Post Consumer Recycled Cup Sleeves","2","CS",249127
"248802",248802.8,"2015-01-27 12:00:00","2015-01-27 12:00:00","SL-PA-LG","100% Post Consumer Recycled Cup Sleeves","6","CS",248802
"248181",248181.104,"2015-01-27 12:00:00","2015-01-27 12:00:00","TO-SC-U85-3-P","Unbleached 8.5 Container w/ Locking Hin","1","PK",248181
"249166",249166.1,"2015-01-27 12:00:00","2015-01-27 12:00:00","BO-PA-8-P","8OZ PAPER BOWL - PACK","1","PK",249166
"248181",248181.6,"2015-01-27 12:00:00","2015-01-27 12:00:00","BO-PA-16-P","16 OZ PAPER BOWLS - 50/PACK","1","PK",248181
"248181",248181.53,"2015-01-27 12:00:00","2015-01-27 12:00:00","CU-PA-20-P","20 OZ PAPER CUPS W/ PLA LINING - PACK","1","PK",248181
"248871",248871.9,"2015-01-27 12:00:00","2015-01-27 12:00:00","CU-PA-8","8 OZ HOT PAPER CUPS FSC Mix Paper","36","CS",248871
"249083",249083.10,"2015-01-27 12:00:00","2015-01-27 12:00:00","CU-PA-8","8 OZ HOT PAPER CUPS FSC Mix Paper","7","CS",249083
"249124",249124.3,"2015-01-27 12:00:00","2015-01-27 12:00:00","CU-PA-8","8 OZ HOT PAPER CUPS FSC Mix Paper","1","CS",249124
"249147",249147.3,"2015-01-27 12:00:00","2015-01-27 12:00:00","CU-PA-8","8 OZ HOT PAPER CUPS FSC Mix Paper","2","CS",249147
"248181",248181.79,"2015-01-27 12:00:00","2015-01-27 12:00:00","PL-SC-U9-P","Unbleached 9 Plate - Pack","1","PK",248181
"248871",248871.14,"2015-01-27 12:00:00","2015-01-27 12:00:00","SB-CS-32","32 OZ SALAD BOWL-INGEO-COMPOSTABLE","2","CS",248871
"249105",249105.3,"2015-01-27 12:00:00","2015-01-27 12:00:00","SB-CS-32","32 OZ SALAD BOWL-INGEO-COMPOSTABLE","1","CS",249105
"248995",248995.9,"2015-01-27 12:00:00","2015-01-27 12:00:00","SBL-CS-32","32 OZ. SALAD BOWL LIDS - COMPOSTABLE","2","CS",248995
"249105",249105.4,"2015-01-27 12:00:00","2015-01-27 12:00:00","SBL-CS-32","32 OZ. SALAD BOWL LIDS - COMPOSTABLE","1","CS",249105
"248181",248181.80,"2015-01-27 12:00:00","2015-01-27 12:00:00","PL-SC-U9O-P","9in. Oval Unbleached Plate  50/pack","1","PK",248181
"248181",248181.100,"2015-01-27 12:00:00","2015-01-27 12:00:00","ST-CS-8W-P","7.9in. indiv. wrapped .25in. dia. 100/pk","1","PK",248181
"249128",249128.2,"2015-01-27 12:00:00","2015-01-27 12:00:00","TR-SC-UF","5 COMPT UNBLEACHED WSF TRAY","1","CS",249128
"248802",248802.10.01,"2015-01-27 12:00:00","2015-01-27 12:00:00","TR-SC-UF","5 COMPT UNBLEACHED WSF TRAY","6","CS",248802
"248802",248802.10,"2015-01-27 12:00:00","2015-01-27 12:00:00","TR-SC-UF","5 COMPT UNBLEACHED WSF TRAY","4","CS",248802
"249164",249164.3,"2015-01-27 12:00:00","2015-01-27 12:00:00","BBL-SC-U12-P","12 oz Unbleached Bowl Lid  50/pack","4","PK",249164
"248901",248901.2,"2015-01-27 12:00:00","2015-01-27 12:00:00","TO-SC-U34D","34 OZ DOUBLE COMPT CLAMSHELL -UNBLEACHED","7","CS",248901
"249087",249087.8.02,"2015-01-27 12:00:00","2015-01-27 12:00:00","TO-SC-U34D","34 OZ DOUBLE COMPT CLAMSHELL -UNBLEACHED","4","CS",249087
"249087",249087.8.01,"2015-01-27 12:00:00","2015-01-27 12:00:00","TO-SC-U34D","34 OZ DOUBLE COMPT CLAMSHELL -UNBLEACHED","60","CS",249087
"249087",249087.8,"2015-01-27 12:00:00","2015-01-27 12:00:00","TO-SC-U34D","34 OZ DOUBLE COMPT CLAMSHELL -UNBLEACHED","20","CS",249087
"249127",249127.13,"2015-01-27 12:00:00","2015-01-27 12:00:00","TO-SC-U34D","34 OZ DOUBLE COMPT CLAMSHELL -UNBLEACHED","6","CS",249127
"248868",248868.26.01,"2015-01-27 12:00:00","2015-01-27 12:00:00","TO-SC-U85-3","Unbleached 8.5 container w/ locking hin","61","CS",248868
"248868",248868.26,"2015-01-27 12:00:00","2015-01-27 12:00:00","TO-SC-U85-3","Unbleached 8.5 container w/ locking hin","11","CS",248868
"249135",249135.16,"2015-01-27 12:00:00","2015-01-27 12:00:00","TO-SC-U85-3","Unbleached 8.5 container w/ locking hin","7","CS",249135
"249148",249148.1.01,"2015-01-27 12:00:00","2015-01-27 12:00:00","TO-SC-U85-3","Unbleached 8.5 container w/ locking hin","18","CS",249148
"249148",249148.1,"2015-01-27 12:00:00","2015-01-27 12:00:00","TO-SC-U85-3","Unbleached 8.5 container w/ locking hin","6","CS",249148
"249084",249084.1,"2015-01-27 12:00:00","2015-01-27 12:00:00","PL-SC-U6","Unbleached 6 Plate","90","CS",249084
"249082",249082.1,"2015-01-27 12:00:00","2015-01-27 12:00:00","PL-SC-U6","Unbleached 6 Plate","15","CS",249082
"249081",249081.1,"2015-01-27 12:00:00","2015-01-27 12:00:00","PL-SC-U6","Unbleached 6 Plate","36","CS",249081
"249080",249080.1,"2015-01-27 12:00:00","2015-01-27 12:00:00","PL-SC-U6","Unbleached 6 Plate","84","CS",249080
"249079",249079.1,"2015-01-27 12:00:00","2015-01-27 12:00:00","PL-SC-U6","Unbleached 6 Plate","60","CS",249079
"249163",249163.6,"2015-01-27 12:00:00","2015-01-27 12:00:00","PL-SC-U6","Unbleached 6 Plate","5","CS",249163
"248995",248995.7,"2015-01-27 12:00:00","2015-01-27 12:00:00","PL-SC-U7","Unbleached 7 Plate","1","CS",248995
"249164",249164.12,"2015-01-27 12:00:00","2015-01-27 12:00:00","PL-SC-U7","Unbleached 7 Plate","2","CS",249164
"249163",249163.7,"2015-01-27 12:00:00","2015-01-27 12:00:00","PL-SC-U7","Unbleached 7 Plate","12","CS",249163
"248865",248865.3,"2015-01-27 12:00:00","2015-01-27 12:00:00","PL-SC-U9","Unbleached 9 Plate","12","CS",248865
"248871",248871.13,"2015-01-27 12:00:00","2015-01-27 12:00:00","PL-SC-U9","Unbleached 9 Plate","24","CS",248871
"248868",248868.23.01,"2015-01-27 12:00:00","2015-01-27 12:00:00","PL-SC-U9","Unbleached 9 Plate","37","CS",248868
"248868",248868.23,"2015-01-27 12:00:00","2015-01-27 12:00:00","PL-SC-U9","Unbleached 9 Plate","5","CS",248868
"249111",249111.1,"2015-01-27 12:00:00","2015-01-27 12:00:00","PL-SC-U9","Unbleached 9 Plate","1","CS",249111
"249110",249110.2,"2015-01-27 12:00:00","2015-01-27 12:00:00","PL-SC-U9","Unbleached 9 Plate","6","CS",249110
"249109",249109.1,"2015-01-27 12:00:00","2015-01-27 12:00:00","PL-SC-U9","Unbleached 9 Plate","1","CS",249109
"249124",249124.5,"2015-01-27 12:00:00","2015-01-27 12:00:00","PL-SC-U9","Unbleached 9 Plate","1","CS",249124
"249151",249151.1,"2015-01-27 12:00:00","2015-01-27 12:00:00","PL-SC-U9","Unbleached 9 Plate","3","CS",249151
"249167",249167.2,"2015-01-27 12:00:00","2015-01-27 12:00:00","PL-SC-U9","Unbleached 9 Plate","2","CS",249167
"248802",248802.6,"2015-01-27 12:00:00","2015-01-27 12:00:00","PL-SC-U9","Unbleached 9 Plate","5","CS",248802
"249135",249135.12,"2015-01-27 12:00:00","2015-01-27 12:00:00","RD-CS-32","32OZ RECT. DELI CORNSTARCH CONTAINER","1","CS",249135
"248802",248802.7,"2015-01-27 12:00:00","2015-01-27 12:00:00","RD-CS-32","32OZ RECT. DELI CORNSTARCH CONTAINER","10","CS",248802
"248868",248868.5,"2015-01-27 12:00:00","2015-01-27 12:00:00","BO-PA-8","8 OZ. PAPER BOWL","6","CS",248868
"249087",249087.1.01,"2015-01-27 12:00:00","2015-01-27 12:00:00","BO-PA-8","8 OZ. PAPER BOWL","14","CS",249087
"249087",249087.1,"2015-01-27 12:00:00","2015-01-27 12:00:00","BO-PA-8","8 OZ. PAPER BOWL","10","CS",249087
"249083",249083.4,"2015-01-27 12:00:00","2015-01-27 12:00:00","BO-PA-8","8 OZ. PAPER BOWL","5","CS",249083
"249127",249127.4,"2015-01-27 12:00:00","2015-01-27 12:00:00","BO-PA-8","8 OZ. PAPER BOWL","1","CS",249127
"248995",248995.1,"2015-01-27 12:00:00","2015-01-27 12:00:00","BO-PA-12","12oz Comp. Bowls","2","CS",248995
"248868",248868.3,"2015-01-27 12:00:00","2015-01-27 12:00:00","BO-PA-12","12oz Comp. Bowls","32","CS",248868
"249088",249088.1,"2015-01-27 12:00:00","2015-01-27 12:00:00","BO-PA-12","12oz Comp. Bowls","6","CS",249088
"249083",249083.3,"2015-01-27 12:00:00","2015-01-27 12:00:00","BO-PA-12","12oz Comp. Bowls","5","CS",249083
"249135",249135.1,"2015-01-27 12:00:00","2015-01-27 12:00:00","BO-PA-12","12oz Comp. Bowls","1","CS",249135
"249124",249124.1,"2015-01-27 12:00:00","2015-01-27 12:00:00","BO-PA-12","12oz Comp. Bowls","1","CS",249124
"249153",249153.1.01,"2015-01-27 12:00:00","2015-01-27 12:00:00","BO-PA-12","12oz Comp. Bowls","19","CS",249153
"249153",249153.1,"2015-01-27 12:00:00","2015-01-27 12:00:00","BO-PA-12","12oz Comp. Bowls","1","CS",249153
"248868",248868.4.01,"2015-01-27 12:00:00","2015-01-27 12:00:00","BO-PA-16","16 OZ. PAPER BOWLS","9","CS",248868
"248868",248868.4,"2015-01-27 12:00:00","2015-01-27 12:00:00","BO-PA-16","16 OZ. PAPER BOWLS","19","CS",248868
"249088",249088.2,"2015-01-27 12:00:00","2015-01-27 12:00:00","BO-PA-16","16 OZ. PAPER BOWLS","34","CS",249088
"249142",249142.1,"2015-01-27 12:00:00","2015-01-27 12:00:00","BO-PA-16","16 OZ. PAPER BOWLS","1","CS",249142
"249150",249150.1,"2015-01-27 12:00:00","2015-01-27 12:00:00","BO-PA-16","16 OZ. PAPER BOWLS","2","CS",249150
"249147",249147.1,"2015-01-27 12:00:00","2015-01-27 12:00:00","BO-PA-16","16 OZ. PAPER BOWLS","6","CS",249147
"249088",249088.7,"2015-01-27 12:00:00","2015-01-27 12:00:00","CU-PA-20","20 oz Compostable Cups FSC Mix Paper","2","CS",249088
"249135",249135.8,"2015-01-27 12:00:00","2015-01-27 12:00:00","CU-PA-20","20 oz Compostable Cups FSC Mix Paper","1","CS",249135
"249126",249126.9,"2015-01-27 12:00:00","2015-01-27 12:00:00","CU-PA-20","20 oz Compostable Cups FSC Mix Paper","2","CS",249126
"248422",248422.3,"2015-01-27 12:00:00","2015-01-27 12:00:00","CU-PA-20","20 oz Compostable Cups FSC Mix Paper","1","CS",248422
"248924",248924.8,"2015-01-27 12:00:00","2015-01-27 12:00:00","PLRT-SC-U9","9 Plates - Unbleached Sugar Cane Retail","24","CS",248924
"248181",248181.69,"2015-01-27 12:00:00","2015-01-27 12:00:00","FO-PS-6-P","Fork 6in.  50/pack","1","PK",248181
"248181",248181.72,"2015-01-27 12:00:00","2015-01-27 12:00:00","KN-PS-6-P","Knife 6in.  50/pack","1","PK",248181
"248181",248181.3,"2015-01-27 12:00:00","2015-01-27 12:00:00","BG-CS-13-P","13 Gal Shopping Bag - pack","1","PK",248181
"248181",248181.4,"2015-01-27 12:00:00","2015-01-27 12:00:00","BG-CS-3-P","3 Gal Waste Bag - pack","1","PK",248181
"249078",249078.3,"2015-01-27 12:00:00","2015-01-27 12:00:00","BG-CS-3-P","3 Gal Waste Bag - pack","1","PK",249078
"249144",249144.1,"2015-01-27 12:00:00","2015-01-27 12:00:00","BG-CS-3-P","3 Gal Waste Bag - pack","5","PK",249144
"249139",249139.1,"2015-01-27 12:00:00","2015-01-27 12:00:00","BG-CS-3-P","3 Gal Waste Bag - pack","4","PK",249139
"249104",249104.1,"2015-01-27 12:00:00","2015-01-27 12:00:00","BG-CS-39-P","39 Gal BioBag 1.2 mil thick-pack","1","PK",249104
"249132",249132.1,"2015-01-27 12:00:00","2015-01-27 12:00:00","SP-CS-WH","Compostable Corn Starch Spoons 120F","10","CS",249132
"249131",249131.1,"2015-01-27 12:00:00","2015-01-27 12:00:00","SP-CS-WH","Compostable Corn Starch Spoons 120F","10","CS",249131
"249152",249152.3,"2015-01-27 12:00:00","2015-01-27 12:00:00","SP-CS-WH","Compostable Corn Starch Spoons 120F","1","CS",249152
"248868",248868.24,"2015-01-27 12:00:00","2015-01-27 12:00:00","SO-PS-B","Corn Starch Soup Spoons 190F","23","CS",248868
"249156",249156.9,"2015-01-27 12:00:00","2015-01-27 12:00:00","SO-PS-B","Corn Starch Soup Spoons 190F","4","CS",249156
"249154",249154.1,"2015-01-27 12:00:00","2015-01-27 12:00:00","RK-PS-B","Corn Starch Spork, 190F","3","CS",249154
"248181",248181.20,"2015-01-27 12:00:00","2015-01-27 12:00:00","CP-CS-1S-P","1 oz Souffle Cup  100/pack","1","PK",248181
"248181",248181.22,"2015-01-27 12:00:00","2015-01-27 12:00:00","CP-CS-24-P","24 oz Clear Cup   50/pack","1","PK",248181
"249097",249097.1,"2015-01-27 12:00:00","2015-01-27 12:00:00","CP-CS-24-P","24 oz Clear Cup   50/pack","4","PK",249097
"248181",248181.27,"2015-01-27 12:00:00","2015-01-27 12:00:00","CP-CS-5-P","5 oz Clear Cup    50/pack","1","PK",248181
"249099",249099.1,"2015-01-27 12:00:00","2015-01-27 12:00:00","CP-CS-5-P","5 oz Clear Cup    50/pack","16","PK",249099
"248181",248181.29,"2015-01-27 12:00:00","2015-01-27 12:00:00","CP-CS-7-P","7 oz Clear Cup  50/pack","1","PK",248181
"248181",248181.32,"2015-01-27 12:00:00","2015-01-27 12:00:00","CPL-CS-12-P","Clear Flat Lid 10/12/16/20/24oz Cup 100","1","PK",248181
"249097",249097.2,"2015-01-27 12:00:00","2015-01-27 12:00:00","CPL-CS-12-P","Clear Flat Lid 10/12/16/20/24oz Cup 100","2","PK",249097
"249166",249166.5,"2015-01-27 12:00:00","2015-01-27 12:00:00","CPL-CS-12-P","Clear Flat Lid 10/12/16/20/24oz Cup 100","1","PK",249166
"248181",248181.34,"2015-01-27 12:00:00","2015-01-27 12:00:00","CPL-CS-2S-P","Clear Flat Lid for 2 oz cups-Pack of 100","1","PK",248181
"248181",248181.46,"2015-01-27 12:00:00","2015-01-27 12:00:00","CU-PA-12-P","12 oz Hot Cup  50/pack","1","PK",248181
"249113",249113.1,"2015-01-27 12:00:00","2015-01-27 12:00:00","CU-PA-12-P","12 oz Hot Cup  50/pack","7","PK",249113
"249158",249158.1,"2015-01-27 12:00:00","2015-01-27 12:00:00","CU-PA-12-P","12 oz Hot Cup  50/pack","1","PK",249158
"248181",248181.101,"2015-01-27 12:00:00","2015-01-27 12:00:00","ST-CS-J8-P","7.7in. Jumbo .30in.  60/pack","1","PK",248181
"248181",248181.61,"2015-01-27 12:00:00","2015-01-27 12:00:00","CU-SC-U4-P","4 OZ HOT CUP UNBLEACHED - PACK","1","PK",248181
"249107",249107.1,"2015-01-27 12:00:00","2015-01-27 12:00:00","CU-SC-U4-P","4 OZ HOT CUP UNBLEACHED - PACK","8","PK",249107
"248181",248181.103,"2015-01-27 12:00:00","2015-01-27 12:00:00","TO-SC-U34D-P","34 OZ DOUBLT COMPT CLAMSHELL UNBLEAC PAK","1","PK",248181
"248181",248181.60,"2015-01-27 12:00:00","2015-01-27 12:00:00","CU-SC-U2-P","2 oz Unbleached Bagasse Cups","1","PK",248181
"248181",248181.67,"2015-01-27 12:00:00","2015-01-27 12:00:00","DC-CS-16-P","16 oz Clear Round Deli Container  50/pk","1","PK",248181
"249166",249166.7,"2015-01-27 12:00:00","2015-01-27 12:00:00","DC-CS-16-P","16 oz Clear Round Deli Container  50/pk","1","PK",249166
"249165",249165.1,"2015-01-27 12:00:00","2015-01-27 12:00:00","DC-CS-16-P","16 oz Clear Round Deli Container  50/pk","4","PK",249165
"248181",248181.75,"2015-01-27 12:00:00","2015-01-27 12:00:00","PL-SC-U10-P","10in. Unbleached Plate  50/pack","1","PK",248181
"248181",248181.92,"2015-01-27 12:00:00","2015-01-27 12:00:00","RK-PS-B-P","CORN STARCH SPORK, 190F IN PACK","1","PK",248181
"248181",248181.1,"2015-01-27 12:00:00","2015-01-27 12:00:00","AS-PS-R-P","Assorted Cutlery - Retail - Pack","1","PK",248181
"249135",249135.14,"2015-01-27 12:00:00","2015-01-27 12:00:00","RDL-CS-8","8/12/16 OZ RECT. DELI CORN STARCH LIDS","1","CS",249135
"249135",249135.11,"2015-01-27 12:00:00","2015-01-27 12:00:00","RD-CS-16","16OZ RECT. DELI CORNSTARCH CONTAINERS","1","CS",249135
"249135",249135.13,"2015-01-27 12:00:00","2015-01-27 12:00:00","RDL-CS-24","24/32 OZ RECT. DELI CORNSTARCH LID","1","CS",249135
"248181",248181.90,"2015-01-27 12:00:00","2015-01-27 12:00:00","RDL-CS-24-P","24/32OZ RECT DELI CORNSTARCH LID - PACK","1","PK",248181
"249165",249165.5,"2015-01-27 12:00:00","2015-01-27 12:00:00","RDL-CS-24-P","24/32OZ RECT DELI CORNSTARCH LID - PACK","4","PK",249165
"248181",248181.91,"2015-01-27 12:00:00","2015-01-27 12:00:00","RDL-CS-8-P","8/12/16OZ RECT DELI CORNSTARCH LIDS - PK","1","PK",248181
"249166",249166.11,"2015-01-27 12:00:00","2015-01-27 12:00:00","RDL-CS-8-P","8/12/16OZ RECT DELI CORNSTARCH LIDS - PK","1","PK",249166
"248181",248181.78,"2015-01-27 12:00:00","2015-01-27 12:00:00","PL-SC-U7-P","Unbleached 7 Plate","1","PK",248181
"249078",249078.5,"2015-01-27 12:00:00","2015-01-27 12:00:00","PL-SC-U7-P","Unbleached 7 Plate","1","PK",249078
"249116",249116.1,"2015-01-27 12:00:00","2015-01-27 12:00:00","PL-SC-U7-P","Unbleached 7 Plate","4","PK",249116
"248181",248181.89,"2015-01-27 12:00:00","2015-01-27 12:00:00","RD-CS-8-P","8OZ RECT CONTAINER - PACK","1","PK",248181
"248181",248181.85,"2015-01-27 12:00:00","2015-01-27 12:00:00","RD-CS-12-P","12OZ RECT. DELI CORNSTARCH CONTAINR PACK","1","PK",248181
"249166",249166.10,"2015-01-27 12:00:00","2015-01-27 12:00:00","RD-CS-12-P","12OZ RECT. DELI CORNSTARCH CONTAINR PACK","1","PK",249166
"248181",248181.86,"2015-01-27 12:00:00","2015-01-27 12:00:00","RD-CS-16-P","16OZ RECT. DELI CORNSTARCH CONTAINR PACK","1","PK",248181
"248181",248181.87,"2015-01-27 12:00:00","2015-01-27 12:00:00","RD-CS-24-P","24OZ RECT. DELI CORNSTARCH CONTAINR PACK","1","PK",248181
"248181",248181.88,"2015-01-27 12:00:00","2015-01-27 12:00:00","RD-CS-32-P","32OZ RECT. DELI CORNSTARCH CONTAINR PACK","1","PK",248181
"249165",249165.4,"2015-01-27 12:00:00","2015-01-27 12:00:00","RD-CS-32-P","32OZ RECT. DELI CORNSTARCH CONTAINR PACK","2","PK",249165
"248181",248181.97,"2015-01-27 12:00:00","2015-01-27 12:00:00","SP-CS-WH-P","COMPOSTABLE CORN STARCH SPOONS 120F PACK","1","PK",248181
"248181",248181.98,"2015-01-27 12:00:00","2015-01-27 12:00:00","SP-PS-6-P","Spoon 6in.  50/pack","1","PK",248181
"248181",248181.99,"2015-01-27 12:00:00","2015-01-27 12:00:00","ST-CS-8-P","7.7in. unwrapped/ .25in. dia. 100/pack","1","PK",248181
"249097",249097.3,"2015-01-27 12:00:00","2015-01-27 12:00:00","ST-CS-8-P","7.7in. unwrapped/ .25in. dia. 100/pack","2","PK",249097
"249094",249094.1,"2015-01-27 12:00:00","2015-01-27 12:00:00","ST-CS-8-P","7.7in. unwrapped/ .25in. dia. 100/pack","15","PK",249094
"249150",249150.13,"2015-01-27 12:00:00","2015-01-27 12:00:00","KL-CS-8","8x8x3 Clamshell","2","CS",249150
"248181",248181.71,"2015-01-27 12:00:00","2015-01-27 12:00:00","KL-CS-8-P","8x8x3 Clamshell","1","PK",248181
"248868",248868.2.02,"2015-01-27 12:00:00","2015-01-27 12:00:00","AS-PS-TN","ASSORTED CUTLERY( SPN,FORK,KNIFE,NAPKIN)","21","CS",248868
"248868",248868.2.01,"2015-01-27 12:00:00","2015-01-27 12:00:00","AS-PS-TN","ASSORTED CUTLERY( SPN,FORK,KNIFE,NAPKIN)","5","CS",248868
"248868",248868.2,"2015-01-27 12:00:00","2015-01-27 12:00:00","AS-PS-TN","ASSORTED CUTLERY( SPN,FORK,KNIFE,NAPKIN)","10","CS",248868
"249083",249083.1,"2015-01-27 12:00:00","2015-01-27 12:00:00","AS-PS-TN","ASSORTED CUTLERY( SPN,FORK,KNIFE,NAPKIN)","5","CS",249083
"249164",249164.1,"2015-01-27 12:00:00","2015-01-27 12:00:00","AS-PS-TN","ASSORTED CUTLERY( SPN,FORK,KNIFE,NAPKIN)","5","CS",249164
"248181",248181.58,"2015-01-27 12:00:00","2015-01-27 12:00:00","CU-PA-8-P","8OZ HOT PAPERCUPS W/ BIO LINING - PACK","1","PK",248181
"248181",248181.95,"2015-01-27 12:00:00","2015-01-27 12:00:00","SO-PS-B-P","CORN STARCH SOUP SPOONS - PACK","1","PK",248181
"249090",249090.4,"2015-01-27 12:00:00","2015-01-27 12:00:00","SO-PS-B-P","CORN STARCH SOUP SPOONS - PACK","12","PK",249090
"249142",249142.5,"2015-01-27 12:00:00","2015-01-27 12:00:00","SO-PS-B-P","CORN STARCH SOUP SPOONS - PACK","5","PK",249142
"248924",248924.7,"2015-01-27 12:00:00","2015-01-27 12:00:00","PLRT-SC-U6","6 Plates Sugar Cane Fiber Unbleached","36","CS",248924
"249167",249167.3,"2015-01-27 12:00:00","2015-01-27 12:00:00","PLRT-SC-U6","6 Plates Sugar Cane Fiber Unbleached","5","CS",249167
"249163",249163.8,"2015-01-27 12:00:00","2015-01-27 12:00:00","PLRT-SC-U6","6 Plates Sugar Cane Fiber Unbleached","90","CS",249163
"248924",248924.2,"2015-01-27 12:00:00","2015-01-27 12:00:00","BORT-SC-U11","11.5 oz Bowl Sugar Cane Fiber Unbleached","24","CS",248924
"249098",249098.1,"2015-01-27 12:00:00","2015-01-27 12:00:00","SBOX","Sample Product Box","1","CS",249098
"249091",249091.1,"2015-01-27 12:00:00","2015-01-27 12:00:00","SBOX","Sample Product Box","1","CS",249091
"249118",249118.2,"2015-01-27 12:00:00","2015-01-27 12:00:00","SBOX","Sample Product Box","2","CS",249118
"249157",249157.1,"2015-01-27 12:00:00","2015-01-27 12:00:00","SBOX","Sample Product Box","2","CS",249157
"249091",249091.2,"2015-01-27 12:00:00","2015-01-27 12:00:00","SBOX Custom","Sample Product Box Custom","1","CS",249091
"249140",249140.1,"2015-01-27 12:00:00","2015-01-27 12:00:00","SBOX Custom","Sample Product Box Custom","1","CS",249140
"249137",249137.1,"2015-01-27 12:00:00","2015-01-27 12:00:00","SBOX Custom","Sample Product Box Custom","1","CS",249137
"249133",249133.1,"2015-01-27 12:00:00","2015-01-27 12:00:00","SBOX Custom","Sample Product Box Custom","1","CS",249133
"249122",249122.1,"2015-01-27 12:00:00","2015-01-27 12:00:00","SBOX Custom","Sample Product Box Custom","1","CS",249122
"249120",249120.1,"2015-01-27 12:00:00","2015-01-27 12:00:00","SBOX Custom","Sample Product Box Custom","1","CS",249120
"249155",249155.1,"2015-01-27 12:00:00","2015-01-27 12:00:00","SBOX Custom","Sample Product Box Custom","1","CS",249155
"248871",248871.8,"2015-01-27 12:00:00","2015-01-27 12:00:00","CU-PA-4","4OZ. HOT PAPER / PLA CUP","12","CS",248871
"249087",249087.6,"2015-01-27 12:00:00","2015-01-27 12:00:00","CU-PA-4","4OZ. HOT PAPER / PLA CUP","24","CS",249087
"249083",249083.9,"2015-01-27 12:00:00","2015-01-27 12:00:00","CU-PA-4","4OZ. HOT PAPER / PLA CUP","5","CS",249083
"249127",249127.6,"2015-01-27 12:00:00","2015-01-27 12:00:00","CU-PA-4","4OZ. HOT PAPER / PLA CUP","1","CS",249127
"249126",249126.10,"2015-01-27 12:00:00","2015-01-27 12:00:00","CU-PA-4","4OZ. HOT PAPER / PLA CUP","3","CS",249126
"248802",248802.4,"2015-01-27 12:00:00","2015-01-27 12:00:00","CU-PA-4","4OZ. HOT PAPER / PLA CUP","9","CS",248802
"248181",248181.106,"2015-01-27 12:00:00","2015-01-27 12:00:00","TO-SC-UHB-P","Hoagie - Sugar Cane Fiber Unbleached","1","PK",248181
"248181",248181.65,"2015-01-27 12:00:00","2015-01-27 12:00:00","CURT-PA-12-P","12oz Compostable Cups Paper Retail 12/Pk","1","PK",248181
"249112",249112.2,"2015-01-27 12:00:00","2015-01-27 12:00:00","CURT-PA-12-P","12oz Compostable Cups Paper Retail 12/Pk","36","PK",249112
"249090",249090.3,"2015-01-27 12:00:00","2015-01-27 12:00:00","PLRT-SC-U6-P","6 Plate Sugar Cane Fiber","20","PK",249090
"249158",249158.4,"2015-01-27 12:00:00","2015-01-27 12:00:00","PLRT-SC-U6-P","6 Plate Sugar Cane Fiber","6","PK",249158
"248181",248181.84,"2015-01-27 12:00:00","2015-01-27 12:00:00","PLRT-SC-U9-P","9 Plate - Unbleached Sugar Cane","1","PK",248181
"249144",249144.3,"2015-01-27 12:00:00","2015-01-27 12:00:00","PLRT-SC-U9-P","9 Plate - Unbleached Sugar Cane","2","PK",249144
"249158",249158.5,"2015-01-27 12:00:00","2015-01-27 12:00:00","PLRT-SC-U9-P","9 Plate - Unbleached Sugar Cane","10","PK",249158
"248181",248181.7,"2015-01-27 12:00:00","2015-01-27 12:00:00","BO-PA-32-P","32 oz Bowl Paper w/ comp. lining","1","PK",248181
"249085",249085.1.02,"2015-01-27 12:00:00","2015-01-27 12:00:00","CPRT-CS-16","16 oz Clear Cups Corn Compostable 12/20","14","CS",249085
"249085",249085.1.01,"2015-01-27 12:00:00","2015-01-27 12:00:00","CPRT-CS-16","16 oz Clear Cups Corn Compostable 12/20","11","CS",249085
"249085",249085.1,"2015-01-27 12:00:00","2015-01-27 12:00:00","CPRT-CS-16","16 oz Clear Cups Corn Compostable 12/20","2","CS",249085
"248868",248868.14,"2015-01-27 12:00:00","2015-01-27 12:00:00","CPL-CS-32","Clear Flat Lids for 32oz Cups Corn Comp","6","CS",248868
"248181",248181.25,"2015-01-27 12:00:00","2015-01-27 12:00:00","CP-CS-32-P","32 oz Clear Cups-Corn Compostable-pack","1","PK",248181
"248181",248181.35,"2015-01-27 12:00:00","2015-01-27 12:00:00","CPL-CS-32-P","Clear Flat Lids for 32 oz cup - pack","1","PK",248181
"249141",249141.2,"2015-01-27 12:00:00","2015-01-27 12:00:00","CP-CS-2SF","2 oz PLA Souffle Cup -110F","1","CS",249141
"248181",248181.13,"2015-01-27 12:00:00","2015-01-27 12:00:00","BOL-CS-12-P","12/16 oz Bowl Lids PLA Compostable-pk","1","PK",248181
"249090",249090.2,"2015-01-27 12:00:00","2015-01-27 12:00:00","FO-PS-R-P","Forks Retial Corn Starch -pack","20","PK",249090
"249142",249142.3,"2015-01-27 12:00:00","2015-01-27 12:00:00","FO-PS-R-P","Forks Retial Corn Starch -pack","10","PK",249142
"249134",249134.1,"2015-01-27 12:00:00","2015-01-27 12:00:00","FO-PS-R-P","Forks Retial Corn Starch -pack","6","PK",249134
"249158",249158.2,"2015-01-27 12:00:00","2015-01-27 12:00:00","FO-PS-R-P","Forks Retial Corn Starch -pack","6","PK",249158
"249142",249142.4,"2015-01-27 12:00:00","2015-01-27 12:00:00","KN-PS-R-P","Knives Retail Corn Starch - pack","5","PK",249142
"249134",249134.2,"2015-01-27 12:00:00","2015-01-27 12:00:00","KN-PS-R-P","Knives Retail Corn Starch - pack","4","PK",249134
"249134",249134.3,"2015-01-27 12:00:00","2015-01-27 12:00:00","SP-PS-R-P","Spoons Retail Corn Starch -pack","12","PK",249134
"249164",249164.14,"2015-01-27 12:00:00","2015-01-27 12:00:00","SP-PS-R-P","Spoons Retail Corn Starch -pack","17","PK",249164
"249158",249158.6,"2015-01-27 12:00:00","2015-01-27 12:00:00","SP-PS-R-P","Spoons Retail Corn Starch -pack","8","PK",249158
"248181",248181.57,"2015-01-27 12:00:00","2015-01-27 12:00:00","CU-PA-8-K-P","8 oz. Hot Paper Cups-green stripe-pack","1","PK",248181
"248181",248181.52,"2015-01-27 12:00:00","2015-01-27 12:00:00","CU-PA-20-K-P","20oz Hot Paper Cups Green Stripe-pack","1","PK",248181
"249116",249116.2,"2015-01-27 12:00:00","2015-01-27 12:00:00","PLRT-SC-U10-P","10 FIBER PLATE RETAIL - PACK","5","PK",249116
"248181",248181.83,"2015-01-27 12:00:00","2015-01-27 12:00:00","PLRT-SC-U10T-P","10 FIBER THREE COMPT PLATE RETAIL -PACK","1","PK",248181
"248181",248181.62,"2015-01-27 12:00:00","2015-01-27 12:00:00","CUL-CS-12-P","Comp.Lids for 10-20 oz Paper cups 50/pk","1","PK",248181
"249100",249100.2,"2015-01-27 12:00:00","2015-01-27 12:00:00","CUL-CS-12-P","Comp.Lids for 10-20 oz Paper cups 50/pk","2","PK",249100
"249113",249113.2,"2015-01-27 12:00:00","2015-01-27 12:00:00","CUL-CS-12-P","Comp.Lids for 10-20 oz Paper cups 50/pk","7","PK",249113
"249112",249112.1,"2015-01-27 12:00:00","2015-01-27 12:00:00","BGRT-CS-3-P","3Gal Waste Bag-pack","12","PK",249112
"248181",248181.5,"2015-01-27 12:00:00","2015-01-27 12:00:00","BGRT-CS-13-P","13Gal Tall Kitchen Bag-pack","1","PK",248181
"248181",248181.64,"2015-01-27 12:00:00","2015-01-27 12:00:00","CUL-CS-8-P","Compostable Lids for 8 oz cup - pack","1","PK",248181
"248181",248181.14,"2015-01-27 12:00:00","2015-01-27 12:00:00","BOL-CS-UBB-P","LID FOR BURRITO BOWLS COMPOS PACKS","1","PK",248181
"248868",248868.1.01,"2015-01-27 12:00:00","2015-01-27 12:00:00","AS-PS-FKN","Assorted Cutlery (Fork, Knife, Napkin)","19","CS",248868
"248868",248868.1,"2015-01-27 12:00:00","2015-01-27 12:00:00","AS-PS-FKN","Assorted Cutlery (Fork, Knife, Napkin)","17","CS",248868
"249089",249089.1.01,"2015-01-27 12:00:00","2015-01-27 12:00:00","CU-PA-8-K","8 oz Hot paper cups - green stripe","22","CS",249089
"249089",249089.1,"2015-01-27 12:00:00","2015-01-27 12:00:00","CU-PA-8-K","8 oz Hot paper cups - green stripe","2","CS",249089
"249123",249123.1.01,"2015-01-27 12:00:00","2015-01-27 12:00:00","CU-PA-12-K","12 oz Hot paper cup - green stripe","8","CS",249123
"249123",249123.1,"2015-01-27 12:00:00","2015-01-27 12:00:00","CU-PA-12-K","12 oz Hot paper cup - green stripe","4","CS",249123
"248802",248802.3,"2015-01-27 12:00:00","2015-01-27 12:00:00","CU-PA-20-K","20 oz Hot paper cups - green stripe","6","CS",248802
"249087",249087.2,"2015-01-27 12:00:00","2015-01-27 12:00:00","BOL-CS-8","8 oz Paper Bowl Lids - Comp Case of 1000","24","CS",249087
"249130",249130.1,"2015-01-27 12:00:00","2015-01-27 12:00:00","NP-SC-LN","Unbleached Lunch Napkins 2 ply 13x13","1","CS",249130
"249127",249127.10,"2015-01-27 12:00:00","2015-01-27 12:00:00","NP-SC-LN","Unbleached Lunch Napkins 2 ply 13x13","6","CS",249127
"249114",249114.1,"2015-01-27 12:00:00","2015-01-27 12:00:00","NP-SC-LN","Unbleached Lunch Napkins 2 ply 13x13","1","CS",249114
"248181",248181.49,"2015-01-27 12:00:00","2015-01-27 12:00:00","CU-PA-16-K-P","16 oz Hot Paper Cup Green Stripe 20/Pack","1","PK",248181
"249100",249100.1,"2015-01-27 12:00:00","2015-01-27 12:00:00","CU-PA-16-K-P","16 oz Hot Paper Cup Green Stripe 20/Pack","2","PK",249100
"248901",248901.1.01,"2015-01-27 12:00:00","2015-01-27 12:00:00","TO-SC-U15B","15OZ HAMBURGER CLAMSHELL UNBLEACHED","12","CS",248901
"248901",248901.1,"2015-01-27 12:00:00","2015-01-27 12:00:00","TO-SC-U15B","15OZ HAMBURGER CLAMSHELL UNBLEACHED","6","CS",248901
"249083",249083.18,"2015-01-27 12:00:00","2015-01-27 12:00:00","TO-SC-U15B","15OZ HAMBURGER CLAMSHELL UNBLEACHED","6","CS",249083
"249147",249147.9,"2015-01-27 12:00:00","2015-01-27 12:00:00","TO-SC-U15B","15OZ HAMBURGER CLAMSHELL UNBLEACHED","5","CS",249147
"249103",249103.1,"2015-01-27 12:00:00","2015-01-27 12:00:00","TO-SC-UHB","Hoagie Box - Sugar Cane Fiber Unbleached","2","CS",249103
"249083",249083.20,"2015-01-27 12:00:00","2015-01-27 12:00:00","TO-SC-UHB","Hoagie Box - Sugar Cane Fiber Unbleached","5","CS",249083
"248181",248181.31,"2015-01-27 12:00:00","2015-01-27 12:00:00","CP-CS-9Q-P","9oz Clear Squat Cups-Corn Compostable-pk","1","PK",248181
"248181",248181.94,"2015-01-27 12:00:00","2015-01-27 12:00:00","SL-PA-ME-P","8-10oz Cup Sleeves -100% PCW Paper Pack","1","PK",248181
"249166",249166.2,"2015-01-27 12:00:00","2015-01-27 12:00:00","BOL-CS-8-P","8 oz Paper Bowl Lids Comp. - in pack","1","PK",249166
"249156",249156.8.01,"2015-01-27 12:00:00","2015-01-27 12:00:00","NP-SC-DN","UNBLEACHED DINNER NAPKINS-CASE OF 3000","16","CS",249156
"249156",249156.8,"2015-01-27 12:00:00","2015-01-27 12:00:00","NP-SC-DN","UNBLEACHED DINNER NAPKINS-CASE OF 3000","14","CS",249156
"249103",249103.2,"2015-01-27 12:00:00","2015-01-27 12:00:00","TW-PA-MF","UNBLEACHED MULTIFOLD TOWELS-CASE OF 4000","1","CS",249103
"249127",249127.14.01,"2015-01-27 12:00:00","2015-01-27 12:00:00","TW-PA-MF","UNBLEACHED MULTIFOLD TOWELS-CASE OF 4000","3","CS",249127
"249127",249127.14,"2015-01-27 12:00:00","2015-01-27 12:00:00","TW-PA-MF","UNBLEACHED MULTIFOLD TOWELS-CASE OF 4000","2","CS",249127
"249126",249126.13,"2015-01-27 12:00:00","2015-01-27 12:00:00","TW-PA-MF","UNBLEACHED MULTIFOLD TOWELS-CASE OF 4000","1","CS",249126
"248181",248181.73,"2015-01-27 12:00:00","2015-01-27 12:00:00","NP-SC-DN-P","Unbleached Dinner Napkins -pack","1","PK",248181
"249108",249108.3,"2015-01-27 12:00:00","2015-01-27 12:00:00","NP-SC-DN-P","Unbleached Dinner Napkins -pack","2","PK",249108
"249102",249102.2,"2015-01-27 12:00:00","2015-01-27 12:00:00","NP-SC-DN-P","Unbleached Dinner Napkins -pack","6","PK",249102
"249158",249158.3,"2015-01-27 12:00:00","2015-01-27 12:00:00","NP-SC-DN-P","Unbleached Dinner Napkins -pack","10","PK",249158
"249083",249083.12,"2015-01-27 12:00:00","2015-01-27 12:00:00","CUL-CS-8","Compostable Lids for 8 oz cups","2","CS",249083
"248181",248181.120,"2015-01-27 12:00:00","2015-01-27 12:00:00","TW-PA-MF-P","Unbleached Mutifold Towels - pack","1","PK",248181
"248868",248868.6,"2015-01-27 12:00:00","2015-01-27 12:00:00","BO-SC-UBB","BURRITO BOWL-UNBLEACHED -CASE OF 300","1","CS",248868
"249138",249138.1,"2015-01-27 12:00:00","2015-01-27 12:00:00","BO-SC-UBB","BURRITO BOWL-UNBLEACHED -CASE OF 300","3","CS",249138
"249156",249156.1.01,"2015-01-27 12:00:00","2015-01-27 12:00:00","BO-SC-UBB","BURRITO BOWL-UNBLEACHED -CASE OF 300","21","CS",249156
"249156",249156.1,"2015-01-27 12:00:00","2015-01-27 12:00:00","BO-SC-UBB","BURRITO BOWL-UNBLEACHED -CASE OF 300","19","CS",249156
"248181",248181.10,"2015-01-27 12:00:00","2015-01-27 12:00:00","BO-SC-UBB-P","BURRITO BOWL-UNBLEACHED","1","PK",248181
"248181",248181.74,"2015-01-27 12:00:00","2015-01-27 12:00:00","NP-SC-LN-P","Unbleached lunch napkins Compostable","1","PK",248181
"249117",249117.1,"2015-01-27 12:00:00","2015-01-27 12:00:00","SBOX DIS","Sample Box Distributor","1","CS",249117
"249127",249127.3,"2015-01-27 12:00:00","2015-01-27 12:00:00","BG-CS-39","39 Gal Liner-Compostable 100/case","2","CS",249127
"249083",249083.2,"2015-01-27 12:00:00","2015-01-27 12:00:00","BG-CS-55","55 Gallon Trash Liner - Corn Compostable","4","CS",249083
"248924",248924.5,"2015-01-27 12:00:00","2015-01-27 12:00:00","FO-PS-R","Forks Retail Cornstarch 12x24","18","CS",248924
"248924",248924.6,"2015-01-27 12:00:00","2015-01-27 12:00:00","KN-PS-R","Knives Retail Cornstarch 12x24","9","CS",248924
"248924",248924.9,"2015-01-27 12:00:00","2015-01-27 12:00:00","SP-PS-R","Spoons Retail Cornstarch 12x24","18","CS",248924
"249085",249085.7,"2015-01-27 12:00:00","2015-01-27 12:00:00","PLRT-SC-U10T","10Fiber ThreeCompt Plate Retail 12x20","6","CS",249085
"248995",248995.2,"2015-01-27 12:00:00","2015-01-27 12:00:00","BOL-CS-12","12/16 oz Bowl Lids -PLA Compostable","1","CS",248995
"248865",248865.1,"2015-01-27 12:00:00","2015-01-27 12:00:00","BOL-CS-12","12/16 oz Bowl Lids -PLA Compostable","2","CS",248865
"248868",248868.7.01,"2015-01-27 12:00:00","2015-01-27 12:00:00","BOL-CS-12","12/16 oz Bowl Lids -PLA Compostable","13","CS",248868
"248868",248868.7,"2015-01-27 12:00:00","2015-01-27 12:00:00","BOL-CS-12","12/16 oz Bowl Lids -PLA Compostable","3","CS",248868
"249088",249088.3,"2015-01-27 12:00:00","2015-01-27 12:00:00","BOL-CS-12","12/16 oz Bowl Lids -PLA Compostable","18","CS",249088
"249135",249135.2,"2015-01-27 12:00:00","2015-01-27 12:00:00","BOL-CS-12","12/16 oz Bowl Lids -PLA Compostable","1","CS",249135
"249150",249150.2,"2015-01-27 12:00:00","2015-01-27 12:00:00","BOL-CS-12","12/16 oz Bowl Lids -PLA Compostable","2","CS",249150
"248181",248181.43,"2015-01-27 12:00:00","2015-01-27 12:00:00","CU-PA-10-K-P","10 oz Hot Paper Cup Green Stripe 20/Pack","1","PK",248181
"249085",249085.4,"2015-01-27 12:00:00","2015-01-27 12:00:00","FO-PS-R-M","Forks - Retail -Master","5","CS",249085
"248181",248181.63,"2015-01-27 12:00:00","2015-01-27 12:00:00","CUL-CS-12F-P","90mm PLA LIDS CASE OF 1000","1","PK",248181
"248181",248181.96,"2015-01-27 12:00:00","2015-01-27 12:00:00","SP-CS-3-P","Tasting Spoons - 120F 15/pks","1","PK",248181
"249088",249088.10,"2015-01-27 12:00:00","2015-01-27 12:00:00","TRL-CS-8","8X6 Tray Lid","3","CS",249088
"249102",249102.1,"2015-01-27 12:00:00","2015-01-27 12:00:00","BNRT-WS-100-P","BEVERAGE NAPKIN RETAIL WHEAT STRAW /PACK","5","PK",249102
"249144",249144.2,"2015-01-27 12:00:00","2015-01-27 12:00:00","LNRT-WS-100-P","LUNCH NAPKINS WHEAT STRAW/PACK","1","PK",249144
"249096",249096.2,"2015-01-27 12:00:00","2015-01-27 12:00:00","BTRT-WS-12-P","BATHROOM TISSUE RETAIL WHEAT STRAW/PK","2","PK",249096
"249100",249100.3,"2015-01-27 12:00:00","2015-01-27 12:00:00","FTRT-WS-175-P","FACIAL TISSUE RETAIL WHEAT STRAW/PK","1","PK",249100
"249099",249099.2,"2015-01-27 12:00:00","2015-01-27 12:00:00","FTRT-WS-175-P","FACIAL TISSUE RETAIL WHEAT STRAW/PK","2","PK",249099
"249156",249156.11,"2015-01-27 12:00:00","2015-01-27 12:00:00","SU-CS-75","7X5 Sushi Tray Set Compos. Cs/300","6","CS",249156
"248181",248181.115,"2015-01-27 12:00:00","2015-01-27 12:00:00","TRL-CS-10-P","10X7.5  Traylidingleo Compostable/packs","1","PK",248181
"248181",248181.116,"2015-01-27 12:00:00","2015-01-27 12:00:00","TRL-CS-10T-P","10X705 Three compart/Traylidingleo","1","PK",248181
"249129",249129.1,"2015-01-27 12:00:00","2015-01-27 12:00:00","CU-PA-12D","12 OZ DOUBLE WALL CUP COMPOS CS OF 1000","1","CS",249129
"249150",249150.9,"2015-01-27 12:00:00","2015-01-27 12:00:00","CU-PA-12D","12 OZ DOUBLE WALL CUP COMPOS CS OF 1000","1","CS",249150
"248181",248181.12,"2015-01-27 12:00:00","2015-01-27 12:00:00","BO-TP-20-P","20 oz Bowl- Reusable Compostable PACKS","1","PK",248181
"249096",249096.1,"2015-01-27 12:00:00","2015-01-27 12:00:00","BO-TP-20-P","20 oz Bowl- Reusable Compostable PACKS","1","PK",249096
"248181",248181.77,"2015-01-27 12:00:00","2015-01-27 12:00:00","PL-SC-U12O-P","12 OVAL PLATES UNBLEACHED PLANT","1","PK",248181
"248868",248868.13,"2015-01-27 12:00:00","2015-01-27 12:00:00","CPL-CS-2P","Parfait Insert for 9oz Cup -Case of 2000","5","CS",248868
"248904",248904.1,"2015-01-27 12:00:00","2015-01-27 12:00:00","BOL-CS-UBB","LID FOR BURRITO BOWLS COMPOS. CASE /300","10","CS",248904
"249156",249156.2.01,"2015-01-27 12:00:00","2015-01-27 12:00:00","BOL-CS-UBB","LID FOR BURRITO BOWLS COMPOS. CASE /300","37","CS",249156
"249156",249156.2,"2015-01-27 12:00:00","2015-01-27 12:00:00","BOL-CS-UBB","LID FOR BURRITO BOWLS COMPOS. CASE /300","3","CS",249156
"248924",248924.4,"2015-01-27 12:00:00","2015-01-27 12:00:00","FD-PA-RT2-S","Shipping Boxes","18","CS",248924
"249156",249156.6.01,"2015-01-27 12:00:00","2015-01-27 12:00:00","CTL-SC-U3","Lids fro 8.88 x6.8 Fiber Boxes cs/400","20","CS",249156
"249156",249156.6,"2015-01-27 12:00:00","2015-01-27 12:00:00","CTL-SC-U3","Lids fro 8.88 x6.8 Fiber Boxes cs/400","10","CS",249156
"248181",248181.68,"2015-01-27 12:00:00","2015-01-27 12:00:00","DC-CS-8-P","8oz round deli container/packs","1","PK",248181
"249166",249166.8,"2015-01-27 12:00:00","2015-01-27 12:00:00","DC-CS-8-P","8oz round deli container/packs","1","PK",249166
"249165",249165.2,"2015-01-27 12:00:00","2015-01-27 12:00:00","DC-CS-8-P","8oz round deli container/packs","4","PK",249165
"249164",249164.7,"2015-01-27 12:00:00","2015-01-27 12:00:00","DC-CS-8-P","8oz round deli container/packs","11","PK",249164
"248924",248924.3,"2015-01-27 12:00:00","2015-01-27 12:00:00","FD-PA-RT2-E","Paper Floor Display-Retail Empty Display","18","CS",248924
"249078",249078.2,"2015-01-27 12:00:00","2015-01-27 12:00:00","BB-SC-U8-P","8oz Soup Barrel BowlS/PACK","1","PK",249078
"248181",248181.41,"2015-01-27 12:00:00","2015-01-27 12:00:00","CTL-CS-3-P","8.8X6.8 FIBER LID/PACK","1","PK",248181
"248181",248181.33,"2015-01-27 12:00:00","2015-01-27 12:00:00","CPL-CS-12DP-P","Clear Dome Lids 12/16/20/24 oz cup 10/pk","1","PK",248181
"249121",249121.1.01,"2015-01-27 12:00:00","2015-01-27 12:00:00","TOCP-SC-U15B","15 OZ HAMBURGER CLAMSHELL UNBLEACH","2","CS",249121
"249121",249121.1,"2015-01-27 12:00:00","2015-01-27 12:00:00","TOCP-SC-U15B","15 OZ HAMBURGER CLAMSHELL UNBLEACH","103","CS",249121
"249121",249121.3.01,"2015-01-27 12:00:00","2015-01-27 12:00:00","TOCP-SC-U9T","9X9X3 THREE COMPT-(UNBLEACHED)","47","CS",249121
"249121",249121.3,"2015-01-27 12:00:00","2015-01-27 12:00:00","TOCP-SC-U9T","9X9X3 THREE COMPT-(UNBLEACHED)","3","CS",249121
"249121",249121.2.01,"2015-01-27 12:00:00","2015-01-27 12:00:00","TOCP-SC-U9","9X9X3-SINGLE COMPT ( UNBLEACHED)","47","CS",249121
"249121",249121.2,"2015-01-27 12:00:00","2015-01-27 12:00:00","TOCP-SC-U9","9X9X3-SINGLE COMPT ( UNBLEACHED)","3","CS",249121
"249121",249121.4.02,"2015-01-27 12:00:00","2015-01-27 12:00:00","TOCP-SC-UHB","HOAGIE BOX-SUGAR CANE FIBER UNBLEACHED","103","CS",249121
"249121",249121.4.01,"2015-01-27 12:00:00","2015-01-27 12:00:00","TOCP-SC-UHB","HOAGIE BOX-SUGAR CANE FIBER UNBLEACHED","3","CS",249121
"249121",249121.4,"2015-01-27 12:00:00","2015-01-27 12:00:00","TOCP-SC-UHB","HOAGIE BOX-SUGAR CANE FIBER UNBLEACHED","14","CS",249121
"248181",248181.105,"2015-01-27 12:00:00","2015-01-27 12:00:00","TO-SC-U8T-P","8X8.5X2 53 COMP CLAMPSHELL -PACK","1","EA",248181
"249088",249088.4,"2015-01-27 12:00:00","2015-01-27 12:00:00","CT-SC-U3","8.8X6.8X3 Fiber Box compos. cs/400","1","CS",249088
"248868",248868.16,"2015-01-27 12:00:00","2015-01-27 12:00:00","CT-SC-U2","8.8X6.8X2.25 Fiber Box  Compos- case/400","6","CS",248868
"249156",249156.5.01,"2015-01-27 12:00:00","2015-01-27 12:00:00","CT-SC-U2","8.8X6.8X2.25 Fiber Box  Compos- case/400","19","CS",249156
"249156",249156.5,"2015-01-27 12:00:00","2015-01-27 12:00:00","CT-SC-U2","8.8X6.8X2.25 Fiber Box  Compos- case/400","11","CS",249156
"248181",248181.113,"2015-01-27 12:00:00","2015-01-27 12:00:00","TR-SC-UL6-P","15x6x03 Tray Unbleached pack","1","PK",248181
"248181",248181.70,"2015-01-27 12:00:00","2015-01-27 12:00:00","FP-SC-U3-P","8.5X6.6X3 Flap Container-Packs","1","PK",248181
"248181",248181.40,"2015-01-27 12:00:00","2015-01-27 12:00:00","CT-SC-U3-P","8.8x6x8x3 Fiber Box -Packs","1","PK",248181
"248181",248181.39,"2015-01-27 12:00:00","2015-01-27 12:00:00","CT-SC-U2-P","8.8x6.8x2.25 Fiber box -Packs","1","PK",248181
"248181",248181.42,"2015-01-27 12:00:00","2015-01-27 12:00:00","CTL-SC-U3-P","Lids for 8.88x6.8 Fiber Boxes -Packs","1","PK",248181
"248181",248181.117,"2015-01-27 12:00:00","2015-01-27 12:00:00","TRL-CS-8-P","8X6 TRAY LID/PACK","1","PK",248181
"248181",248181.118,"2015-01-27 12:00:00","2015-01-27 12:00:00","TRL-CS-8D-P","8X6 DOUBLE COMPARTMENT TRYLID/PACKS","1","PK",248181
"249161",249161.1,"2015-01-27 12:00:00","2015-01-27 12:00:00","SB-CS-48","48oz Salad Bowls Case of 300","4","CS",249161
"248868",248868.25,"2015-01-27 12:00:00","2015-01-27 12:00:00","SO-PS-I","6 Soup Spoons Individual wrapped cs/750","27","CS",248868
"248995",248995.5,"2015-01-27 12:00:00","2015-01-27 12:00:00","DC-CS-8","8oz round deli container compost cs/1000","1","CS",248995
"248181",248181.38,"2015-01-27 12:00:00","2015-01-27 12:00:00","CPL-CS-9F-P","Clear flat lids 3-9 oz  pack","1","PK",248181
"248181",248181.54,"2015-01-27 12:00:00","2015-01-27 12:00:00","CU-PA-22C-P","22 OZ COLD CUP-COMPOSTABLE /PACKS","1","PK",248181
"248995",248995.8,"2015-01-27 12:00:00","2015-01-27 12:00:00","SB-CS-24","24 oz Salad Bowls-Ingeo-Compostable","2","CS",248995
"249150",249150.10,"2015-01-27 12:00:00","2015-01-27 12:00:00","CU-PA-16D","16OZ DOUBLE WALL HOT PAPER CUP CS/600","1","CS",249150
"249101",249101.1,"2015-01-27 12:00:00","2015-01-27 12:00:00","LNRT-WS-100","LUNCH NAPKINS- 24 PKS OF 100","1","CS",249101
"249164",249164.10,"2015-01-27 12:00:00","2015-01-27 12:00:00","LNRT-WS-100","LUNCH NAPKINS- 24 PKS OF 100","2","CS",249164
"249163",249163.1.01,"2015-01-27 12:00:00","2015-01-27 12:00:00","BTRT-WS-4","BATHROOM TISSUE- 12 PKS OF 4","79","CS",249163
"249163",249163.1,"2015-01-27 12:00:00","2015-01-27 12:00:00","BTRT-WS-4","BATHROOM TISSUE- 12 PKS OF 4","1","CS",249163
"249085",249085.5,"2015-01-27 12:00:00","2015-01-27 12:00:00","FTRT-WS-85","FACIAL TISSUE- 36 PKS OF 85","2","CS",249085
"249163",249163.4,"2015-01-27 12:00:00","2015-01-27 12:00:00","FTRT-WS-85","FACIAL TISSUE- 36 PKS OF 85","8","CS",249163
"248904",248904.2,"2015-01-27 12:00:00","2015-01-27 12:00:00","BOL-CS-UBBS","LID FOR SMALL BURRITO BOWLS COMPOS. CASE","10","CS",248904
"248181",248181.15,"2015-01-27 12:00:00","2015-01-27 12:00:00","BOL-CS-UBBS-P","LID FOR SMALL BURRITO BOWLS 8 PKS OF 50","1","PK",248181
"248181",248181.47,"2015-01-27 12:00:00","2015-01-27 12:00:00","CU-PA-12C-P","12 OZ COLD CUP-COMPOSTABLE /PACKS","1","PK",248181
"248181",248181.107,"2015-01-27 12:00:00","2015-01-27 12:00:00","TR-SC-U10-P","9.8 X7.5 Single Compartment Trays /packs","1","PK",248181
"248181",248181.108,"2015-01-27 12:00:00","2015-01-27 12:00:00","TR-SC-U10T-P","9.8 X 7.5 Three Compartment Tray / pack","1","PK",248181
"248181",248181.110,"2015-01-27 12:00:00","2015-01-27 12:00:00","TR-SC-U8D-P","8X6 Double Compartment Trays/packs","1","PK",248181
"248181",248181.109,"2015-01-27 12:00:00","2015-01-27 12:00:00","TR-SC-U8-P","8x6 Single Compartment Trays/packs","1","PK",248181
"248181",248181.11,"2015-01-27 12:00:00","2015-01-27 12:00:00","BO-SC-UBBS-P","24 OZ BURRITO BOWL CS/500/PACKS","1","PK",248181
"248181",248181.59,"2015-01-27 12:00:00","2015-01-27 12:00:00","CU-PA-8D-P","8 oz Double Wall Cup Comp. -pack","1","PK",248181
"248181",248181.48,"2015-01-27 12:00:00","2015-01-27 12:00:00","CU-PA-12D-P","12 oz Double Wall Cup Comp.-pack","1","PK",248181
"248181",248181.51,"2015-01-27 12:00:00","2015-01-27 12:00:00","CU-PA-16D-P","16 oz Double Wall Cup Comp -pack","1","PK",248181
"248181",248181.81,"2015-01-27 12:00:00","2015-01-27 12:00:00","PL-TP-10-P","10 PLATE REUSABLE COMPOSTABLE/PACK","1","EA",248181
"248181",248181.82,"2015-01-27 12:00:00","2015-01-27 12:00:00","PL-TP-9-P","9 PLATE REUSABLE COMPOSTABLE /PACK","1","PK",248181
"248181",248181.93,"2015-01-27 12:00:00","2015-01-27 12:00:00","SB-CS-24-P","24 OZ SALAD BOWL -INGEO- PACK OF 50","1","PK",248181
"248868",248868.27,"2015-01-27 12:00:00","2015-01-27 12:00:00","TR-SC-U10D","9.8X7 DOUBLE COMPARTMENT TRAYS c/of 400","6","CS",248868
"248181",248181.119,"2015-01-27 12:00:00","2015-01-27 12:00:00","TRL-SC-UAR-P","6.5x5 Tray Lid Compost Case/600","1","PK",248181
"248868",248868.17,"2015-01-27 12:00:00","2015-01-27 12:00:00","CTL-CS-3","8.8 X6.8 FIBER LID CASE/400","4","CS",248868
